PId,Hours
1,25.04648758
2,16.70743447
3,22.02239232
4,34.54080955
5,25.04648758
6,27.33675226
7,21.87305998
8,16.94434684
9,15.33984457
10,25.04648758
11,22.93837479
12,19.74104685
13,21.87305998
14,25.04648758
15,15.4504405
16,25.04648758
